uuid,scene_id,path,hf_revision
6a280df7-3fd2-4ef6-a122-8348460f9a8f,clipgt-060131e7-ee72-477c-89da-083e0b446566,sample_set/26.01_release/060131e7-ee72-477c-89da-083e0b446566/060131e7-ee72-477c-89da-083e0b446566.usdz,26.01
9b17fbe4-4a21-4b8d-bf45-23a9a67ed15b,clipgt-0e899dd3-e544-4a30-a689-f00d08ba5770,sample_set/26.01_release/0e899dd3-e544-4a30-a689-f00d08ba5770/0e899dd3-e544-4a30-a689-f00d08ba5770.usdz,26.01
2e440ce1-1993-41cc-b760-8239d4cf085c,clipgt-18f8dbd6-6fe7-401c-9943-10404407e112,sample_set/26.01_release/18f8dbd6-6fe7-401c-9943-10404407e112/18f8dbd6-6fe7-401c-9943-10404407e112.usdz,26.01
0eae941c-9e49-49c9-97c8-3ea3150c130a,clipgt-1deba1be-55e2-4f85-8669-d7e4703c6a29,sample_set/26.01_release/1deba1be-55e2-4f85-8669-d7e4703c6a29/1deba1be-55e2-4f85-8669-d7e4703c6a29.usdz,26.01
bb16d04e-bf09-4ec1-8d91-05f1c0927cb3,clipgt-24db7eb4-eddf-4b20-ba7e-ca54f9b44f11,sample_set/26.01_release/24db7eb4-eddf-4b20-ba7e-ca54f9b44f11/24db7eb4-eddf-4b20-ba7e-ca54f9b44f11.usdz,26.01
58d18d6a-15ff-439c-a68e-080fc3583431,clipgt-2d10a08d-2f60-49fe-94e8-9d2797a289d2,sample_set/26.01_release/2d10a08d-2f60-49fe-94e8-9d2797a289d2/2d10a08d-2f60-49fe-94e8-9d2797a289d2.usdz,26.01
2406ca41-ade1-4db0-b293-d955dc7242fa,clipgt-348210ac-6ad8-425c-8797-f2babe6c8850,sample_set/26.01_release/348210ac-6ad8-425c-8797-f2babe6c8850/348210ac-6ad8-425c-8797-f2babe6c8850.usdz,26.01
f58c79e5-f2c3-4161-a0d8-8b529790ac05,clipgt-3d343ae9-6d5b-415f-be2c-aa8d0ebc03c9,sample_set/26.01_release/3d343ae9-6d5b-415f-be2c-aa8d0ebc03c9/3d343ae9-6d5b-415f-be2c-aa8d0ebc03c9.usdz,26.01
efc75265-d604-45cd-ab3f-5a62f10a005f,clipgt-46252225-453d-474c-963c-bc0cd917e7e4,sample_set/26.01_release/46252225-453d-474c-963c-bc0cd917e7e4/46252225-453d-474c-963c-bc0cd917e7e4.usdz,26.01
5a0e9a12-1e33-43ab-a6a0-0f405934036b,clipgt-4f33ba35-9d49-4f66-9408-a2896173d04b,sample_set/26.01_release/4f33ba35-9d49-4f66-9408-a2896173d04b/4f33ba35-9d49-4f66-9408-a2896173d04b.usdz,26.01
4ea5c9b3-4684-4331-ba48-596a181c18dc,clipgt-5a38c811-1e28-4a67-9239-54ba2b695950,sample_set/26.01_release/5a38c811-1e28-4a67-9239-54ba2b695950/5a38c811-1e28-4a67-9239-54ba2b695950.usdz,26.01
bf2156b4-5cec-4d47-bc3c-fe0db79cea01,clipgt-63844633-ef7c-4c48-8a61-a50af34b9e09,sample_set/26.01_release/63844633-ef7c-4c48-8a61-a50af34b9e09/63844633-ef7c-4c48-8a61-a50af34b9e09.usdz,26.01
ee4c03b5-a618-47be-bb98-8f3de28a0b55,clipgt-6db8921b-e103-4cd4-901c-b2726849be7a,sample_set/26.01_release/6db8921b-e103-4cd4-901c-b2726849be7a/6db8921b-e103-4cd4-901c-b2726849be7a.usdz,26.01
e9c9b2cd-9853-4645-9c73-8ed1d6ce343b,clipgt-76bd5a24-2b0f-4637-8114-be0cd3ba28d2,sample_set/26.01_release/76bd5a24-2b0f-4637-8114-be0cd3ba28d2/76bd5a24-2b0f-4637-8114-be0cd3ba28d2.usdz,26.01
efda916c-6f07-462e-af2e-a5361d475734,clipgt-7ce9e86e-c63f-4f0e-97cd-072c9ab24a88,sample_set/26.01_release/7ce9e86e-c63f-4f0e-97cd-072c9ab24a88/7ce9e86e-c63f-4f0e-97cd-072c9ab24a88.usdz,26.01
1824a729-b923-41ab-8745-dc04d0348f7a,clipgt-8588b919-8293-4708-a7cf-b911d05791a6,sample_set/26.01_release/8588b919-8293-4708-a7cf-b911d05791a6/8588b919-8293-4708-a7cf-b911d05791a6.usdz,26.01
e0883d2d-ca74-44d4-98ec-048ff4be62d2,clipgt-8c129b2d-9aeb-484e-a926-695ea77c8429,sample_set/26.01_release/8c129b2d-9aeb-484e-a926-695ea77c8429/8c129b2d-9aeb-484e-a926-695ea77c8429.usdz,26.01
9f888fa6-c297-4c00-91d1-4006b2b28a2f,clipgt-97a2e621-a27b-4b87-9a58-b6b740fc1b4e,sample_set/26.01_release/97a2e621-a27b-4b87-9a58-b6b740fc1b4e/97a2e621-a27b-4b87-9a58-b6b740fc1b4e.usdz,26.01
9be80b8a-7592-4787-b69f-7d6fe036f8bd,clipgt-a0eef9d8-6a3b-4a33-9a14-92f699a1aee3,sample_set/26.01_release/a0eef9d8-6a3b-4a33-9a14-92f699a1aee3/a0eef9d8-6a3b-4a33-9a14-92f699a1aee3.usdz,26.01
9b061f6c-61c3-42e8-9222-e3687ebf9a77,clipgt-a96274d4-a18d-4369-ac0f-420163f54df1,sample_set/26.01_release/a96274d4-a18d-4369-ac0f-420163f54df1/a96274d4-a18d-4369-ac0f-420163f54df1.usdz,26.01
c012a47a-300a-4af3-ac91-2dd2e9a2247d,clipgt-afcb2149-4598-4d79-bd7e-62b8be932173,sample_set/26.01_release/afcb2149-4598-4d79-bd7e-62b8be932173/afcb2149-4598-4d79-bd7e-62b8be932173.usdz,26.01
06ec6aa0-add7-4651-a36c-0c7092841cf3,clipgt-b469f38a-f4bc-4b18-a0ec-3ca987b18383,sample_set/26.01_release/b469f38a-f4bc-4b18-a0ec-3ca987b18383/b469f38a-f4bc-4b18-a0ec-3ca987b18383.usdz,26.01
eca83b08-57a7-4bbb-aedd-e1e36e6817b7,clipgt-be4db4e9-eeff-4c22-b735-15ad9f7a0b49,sample_set/26.01_release/be4db4e9-eeff-4c22-b735-15ad9f7a0b49/be4db4e9-eeff-4c22-b735-15ad9f7a0b49.usdz,26.01
9de70171-2f41-4a36-8348-3e67623b7b93,clipgt-c5b21e90-35ec-4578-84d0-e7cecc5ab80c,sample_set/26.01_release/c5b21e90-35ec-4578-84d0-e7cecc5ab80c/c5b21e90-35ec-4578-84d0-e7cecc5ab80c.usdz,26.01
e1e01fad-3c5b-4530-a50a-db589a991340,clipgt-cc8cbc45-9ed7-475b-bc5b-a0a2ec66a7b1,sample_set/26.01_release/cc8cbc45-9ed7-475b-bc5b-a0a2ec66a7b1/cc8cbc45-9ed7-475b-bc5b-a0a2ec66a7b1.usdz,26.01
a8aecb07-b93e-4a75-8f73-cf5df5a558bf,clipgt-d4c97cc1-1297-41fd-9ad8-87d269b65e4d,sample_set/26.01_release/d4c97cc1-1297-41fd-9ad8-87d269b65e4d/d4c97cc1-1297-41fd-9ad8-87d269b65e4d.usdz,26.01
bdbee478-4c54-4d59-8403-4e2b1fb24496,clipgt-dd7e63c0-446a-4d6b-b119-0468c1ad73e8,sample_set/26.01_release/dd7e63c0-446a-4d6b-b119-0468c1ad73e8/dd7e63c0-446a-4d6b-b119-0468c1ad73e8.usdz,26.01
d6bc3a18-c2e0-4401-9807-ca669223957a,clipgt-e883822a-bb66-410e-8246-49c47e5a73aa,sample_set/26.01_release/e883822a-bb66-410e-8246-49c47e5a73aa/e883822a-bb66-410e-8246-49c47e5a73aa.usdz,26.01
65fc1be9-1f38-40cd-83bb-0e331870025b,clipgt-f16ac2bc-188e-4d69-abae-32b880054d65,sample_set/26.01_release/f16ac2bc-188e-4d69-abae-32b880054d65/f16ac2bc-188e-4d69-abae-32b880054d65.usdz,26.01
5054e51c-bdbe-4b3a-8b71-83248ebe5522,clipgt-fadc73da-130e-42c1-81b9-9e74405c39f3,sample_set/26.01_release/fadc73da-130e-42c1-81b9-9e74405c39f3/fadc73da-130e-42c1-81b9-9e74405c39f3.usdz,26.01
