scene_id,rollout_id,status,n_frames,clip_s,frame_dt_s,collision_any_frames,collision_front_frames,collision_lateral_frames,collision_rear_frames,offroad_frames,offroad_first_s,offroad_last_s,wrong_lane_frames,safety_monitor_triggered_frames,open_loop_collision_frames,dist_to_gt_trajectory,dist_to_gt_location,progress,progress_rel,dist_traveled_m,gt_dist_traveled_m,min_distance_to_obstacle_m,min_distance_to_lane_boundary_m,plan_deviation,min_ade@0.5s(gt),min_ade@1.0s(gt),min_ade@2.5s(gt),min_ade@5.0s(gt),outcome,collision_any_first_s,collision_any_last_s,collision_front_first_s,collision_front_last_s,collision_lateral_first_s,collision_lateral_last_s,collision_rear_first_s,collision_rear_last_s,wrong_lane_first_s,wrong_lane_last_s,open_loop_collision_first_s,open_loop_collision_last_s
clipgt-060131e7-ee72-477c-89da-083e0b446566,850985f8-bd74-11f1-8f5c-874553a8a219,ok,75,19.82,0.2667,0,0,0,0,15,9.42,13.15,0,0,0,6.415,98.48,0.513,0.516,104.774,203.927,1.121,0.0,0.36,33.088,32.591,31.199,,offroad,,,,,,,,,,,,
clipgt-095cf563-c5d6-4f4f-9e98-7f179e733560,f8777f22-bd74-11f1-8f5c-874553a8a219,ok,75,19.83,0.2667,17,7,3,7,9,13.17,15.3,8,0,36,7.21,13.048,1.0,1.0,147.562,142.573,0.0,0.0,0.562,5.317,5.364,5.392,,collision+offroad,8.37,15.3,8.37,13.7,13.97,14.77,9.17,15.3,6.5,19.83,5.43,15.03
clipgt-0e899dd3-e544-4a30-a689-f00d08ba5770,6bc27bc6-bd75-11f1-8f5c-874553a8a219,ok,75,19.81,0.2667,32,24,2,6,0,,,0,0,46,7.216,22.068,0.801,0.81,89.38,111.041,0.0,0.0,0.362,8.045,7.962,7.769,,collision,6.75,15.01,6.75,14.48,14.75,15.01,7.01,8.35,,,3.01,15.01
clipgt-12a09194-85c2-4ecf-b665-9c5078bae240,f604c6c2-bd75-11f1-8f5c-874553a8a219,ok,75,19.84,0.2667,0,0,0,0,4,4.38,5.18,1,0,0,17.274,162.793,0.42,0.423,122.123,283.029,23.689,0.0,0.51,58.969,58.306,56.558,,offroad,,,,,,,,,2.78,2.78,,
clipgt-1c7e2423-77d7-40b6-bf26-f36fb8ebcf52,71dc20d8-bd76-11f1-8f5c-874553a8a219,ok,75,19.75,0.2667,4,2,0,2,0,,,0,0,16,22.959,22.963,1.0,1.0,135.276,112.469,0.0,0.0,0.401,5.436,5.265,4.791,,collision,17.89,18.69,17.89,18.15,,,18.42,18.69,,,14.69,18.69
clipgt-1deba1be-55e2-4f85-8669-d7e4703c6a29,ed54894e-bd76-11f1-8f5c-874553a8a219,ok,75,19.79,0.2667,0,0,0,0,7,12.32,13.92,0,0,0,13.553,49.185,0.804,0.813,207.206,257.442,3.919,0.0,0.744,12.371,12.018,11.141,,offroad,,,,,,,,,,,,
clipgt-24db7eb4-eddf-4b20-ba7e-ca54f9b44f11,5febd7a0-bd77-11f1-8f5c-874553a8a219,ok,75,19.79,0.2667,0,0,0,0,13,11.53,19.79,13,0,0,15.156,23.149,0.914,0.923,202.396,217.497,2.65,0.0,0.496,5.943,5.795,5.541,,offroad,,,,,,,,,8.33,19.53,,
clipgt-2e109d83-cefb-4c81-ba3e-012700335c5c,e4efe20c-bd77-11f1-8f5c-874553a8a219,ok,75,19.85,0.2667,0,0,0,0,19,5.18,17.71,0,0,0,29.355,35.447,0.93,0.935,288.565,309.528,4.57,0.0,1.1,15.921,15.868,15.832,,offroad,,,,,,,,,,,,
clipgt-3d343ae9-6d5b-415f-be2c-aa8d0ebc03c9,5d4962b4-bd78-11f1-8f5c-874553a8a219,ok,75,19.8,0.2667,0,0,0,0,0,,,1,0,0,5.009,55.102,0.785,0.792,208.874,265.628,1.232,0.0,0.549,20.959,20.762,20.254,,clean,,,,,,,,,15.27,15.27,,
clipgt-44409f00-9b06-4103-86d7-d48e41a539e0,dd5a1af2-bd78-11f1-8f5c-874553a8a219,ok,75,19.85,0.2667,17,15,2,0,0,,,0,0,34,12.183,50.795,0.662,0.67,101.146,151.079,0.0,0.0,0.534,15.023,14.726,13.926,,collision,6.78,11.05,6.78,10.52,10.78,11.05,,,,,4.12,15.05
clipgt-46252225-453d-474c-963c-bc0cd917e7e4,6738b1ca-bd79-11f1-8f5c-874553a8a219,ok,75,19.8,0.2667,0,0,0,0,0,,,0,0,8,21.767,27.471,1.0,1.0,216.059,195.177,0.177,0.0,0.511,13.524,13.641,14.339,,clean,,,,,,,,,,,7.53,15.8
clipgt-4ecc114d-4c76-49bb-874c-601561d738bb,e3522d72-bd79-11f1-8f5c-874553a8a219,ok,75,19.82,0.2667,7,4,0,3,0,,,43,0,27,2.566,29.192,0.953,0.953,215.515,226.208,0.0,0.0,0.804,14.539,14.793,15.456,,collision,5.42,15.55,5.42,15.28,,,5.95,15.55,4.62,18.22,3.28,15.55
clipgt-4f33ba35-9d49-4f66-9408-a2896173d04b,6860a3b8-bd7a-11f1-8f5c-874553a8a219,ok,75,19.77,0.2667,5,5,0,0,23,13.91,19.77,4,0,10,5.636,71.38,0.645,0.649,132.052,204.033,0.0,0.0,0.56,28.879,28.671,28.148,,collision+offroad,8.04,9.11,8.04,9.11,,,,,1.37,2.17,5.64,8.84
clipgt-5a38c811-1e28-4a67-9239-54ba2b695950,dd7ef49c-bd7a-11f1-8f5c-874553a8a219,ok,75,19.79,0.2667,0,0,0,0,0,,,0,0,0,2.167,2.174,0.992,1.0,97.571,98.312,0.965,0.0,0.374,1.343,1.352,1.392,,clean,,,,,,,,,,,,
clipgt-5c871a72-ca26-4e8a-9bca-0736260285ea,59eb8e78-bd7b-11f1-8f5c-874553a8a219,ok,75,19.79,0.2667,0,0,0,0,32,6.45,19.79,3,0,0,26.436,81.817,0.621,0.629,136.487,189.366,4.752,0.0,0.677,18.383,17.718,15.852,,offroad,,,,,,,,,0.32,8.05,,
clipgt-662bc0b8-c3e7-4c06-bc1a-f2bc013205ce,d0b43ce4-bd7b-11f1-8f5c-874553a8a219,ok,75,19.77,0.2667,0,0,0,0,5,8.83,9.9,9,0,5,23.881,104.659,0.47,0.476,103.391,202.161,0.272,0.0,0.474,38.587,38.176,36.983,,offroad,,,,,,,,,5.37,9.1,9.1,15.23
clipgt-6db8921b-e103-4cd4-901c-b2726849be7a,50faca12-bd7c-11f1-8f5c-874553a8a219,ok,75,19.83,0.2667,0,0,0,0,12,11.03,19.56,0,0,1,35.424,39.896,0.96,0.964,345.255,338.728,5.484,0.0,1.176,18.432,18.431,18.698,,offroad,,,,,,,,,,,16.89,16.89
clipgt-710d4717-bd08-4bb0-b6de-5d1e5d5d92aa,c8806b82-bd7c-11f1-8f5c-874553a8a219,ok,75,19.83,0.2667,0,0,0,0,41,9.16,19.83,0,0,1,2.577,122.947,0.316,0.32,58.018,182.875,0.345,0.0,0.537,48.524,48.159,47.198,,offroad,,,,,,,,,,,9.96,9.96
clipgt-76bd5a24-2b0f-4637-8114-be0cd3ba28d2,3b07422a-bd7d-11f1-8f5c-874553a8a219,ok,75,19.78,0.2667,14,6,0,8,3,6.98,7.52,0,0,24,29.355,29.359,1.0,1.0,207.538,178.422,0.0,0.0,0.661,6.41,6.18,5.668,,collision+offroad,16.32,19.78,16.32,19.25,,,16.85,19.78,,,13.38,19.52
clipgt-86ad21f0-5c8e-4733-9e48-585b3b3c0607,ba013d42-bd7d-11f1-8f5c-874553a8a219,ok,75,19.8,0.2667,10,5,0,5,9,11.53,13.66,5,0,21,3.097,23.236,0.95,0.967,103.795,109.174,0.0,0.0,0.428,10.964,11.257,12.188,,collision+offroad,15.26,17.66,15.26,16.33,,,16.6,17.66,8.6,9.66,12.33,17.66
clipgt-8fd8f4f0-64d4-47ea-a8b5-0f18d51735f6,27de4cd8-bd7e-11f1-8f5c-874553a8a219,ok,75,19.75,0.2667,0,0,0,0,7,16.82,18.42,4,0,0,54.095,57.952,1.0,1.0,226.123,171.868,2.486,0.0,0.693,21.033,20.806,20.003,,offroad,,,,,,,,,10.42,11.22,,
clipgt-97a2e621-a27b-4b87-9a58-b6b740fc1b4e,9f6cd832-bd7e-11f1-8f5c-874553a8a219,ok,75,19.83,0.2667,29,23,0,6,0,,,0,0,40,8.141,8.953,1.0,1.0,118.434,110.675,0.0,0.0,0.405,5.319,5.353,5.522,,collision,11.57,19.03,11.57,18.5,,,12.1,19.03,,,7.83,19.03
clipgt-9dfc06b4-f46d-42ef-a552-d71ef221e0b5,179cf8b4-bd7f-11f1-8f5c-874553a8a219,ok,75,19.81,0.2667,0,0,0,0,23,12.08,19.54,18,0,1,79.965,79.967,1.0,1.0,205.457,125.386,2.95,0.0,0.716,24.649,24.202,22.921,,offroad,,,,,,,,,11.54,19.81,9.94,9.94
clipgt-a96274d4-a18d-4369-ac0f-420163f54df1,93f090d8-bd7f-11f1-8f5c-874553a8a219,ok,81,21.38,0.2667,0,0,0,0,25,14.98,21.38,9,0,0,21.639,36.575,1.0,1.0,55.426,33.984,1.109,0.0,0.34,22.986,23.314,24.26,,offroad,,,,,,,,,3.78,5.92,,
clipgt-b469f38a-f4bc-4b18-a0ec-3ca987b18383,27373aea-bd80-11f1-8f5c-874553a8a219,ok,75,19.8,0.2667,0,0,0,0,29,12.34,19.8,3,0,1,5.035,64.58,0.679,0.686,140.549,206.786,0.804,0.0,0.654,20.56,20.215,19.379,,offroad,,,,,,,,,0.0,0.6,17.94,17.94
clipgt-be4db4e9-eeff-4c22-b735-15ad9f7a0b49,a1e88190-bd80-11f1-8f5c-874553a8a219,ok,75,19.82,0.2667,0,0,0,0,3,4.62,5.16,2,0,0,34.623,147.734,0.516,0.521,164.419,303.444,7.994,0.0,0.778,53.586,52.987,51.402,,offroad,,,,,,,,,1.96,3.29,,
clipgt-d4c97cc1-1297-41fd-9ad8-87d269b65e4d,1431dd46-bd81-11f1-8f5c-874553a8a219,ok,75,19.8,0.2667,0,0,0,0,5,18.73,19.8,13,0,0,23.965,30.431,1.0,1.0,132.563,110.233,0.627,0.0,0.531,14.349,14.412,14.429,,offroad,,,,,,,,,12.6,15.8,,
clipgt-dd7e63c0-446a-4d6b-b119-0468c1ad73e8,86d80d2a-bd81-11f1-8f5c-874553a8a219,ok,75,19.82,0.2667,20,12,0,8,44,8.35,19.82,0,0,36,5.238,45.737,0.806,0.813,197.578,245.151,0.0,0.0,0.864,13.425,13.135,12.459,,collision+offroad,12.62,19.82,12.62,19.82,,,13.15,19.29,,,9.95,19.55
clipgt-e883822a-bb66-410e-8246-49c47e5a73aa,0566a4da-bd82-11f1-8f5c-874553a8a219,ok,75,19.77,0.2667,0,0,0,0,14,11.51,14.97,0,0,0,5.59,207.538,0.324,0.329,101.945,313.096,2.327,0.0,0.524,76.682,75.883,73.83,,offroad,,,,,,,,,,,,
clipgt-fadc73da-130e-42c1-81b9-9e74405c39f3,7bfb2594-bd82-11f1-8f5c-874553a8a219,ok,75,19.86,0.2667,8,4,0,4,0,,,3,0,31,74.17,74.171,1.0,1.0,199.277,125.124,0.0,0.0,0.38,18.861,18.316,16.792,,collision,11.86,19.59,11.86,19.06,,,12.39,19.59,14.26,14.79,8.66,19.59
